date,product_id,category,units_sold,stock_on_hand,reorder_qty,promotion,holiday,unit_cost
2025-01-01,SKU-101,Beverages,124,1676,0,1,0,1.8
2025-01-02,SKU-101,Beverages,129,1547,0,1,0,1.8
2025-01-03,SKU-101,Beverages,146,1401,0,1,0,1.8
2025-01-04,SKU-101,Beverages,140,1261,0,1,0,1.8
2025-01-05,SKU-101,Beverages,70,1191,0,0,0,1.8
2025-01-06,SKU-101,Beverages,67,1124,0,0,0,1.8
2025-01-07,SKU-101,Beverages,80,1044,0,0,0,1.8
2025-01-08,SKU-101,Beverages,90,954,0,0,0,1.8
2025-01-09,SKU-101,Beverages,105,849,0,0,0,1.8
2025-01-10,SKU-101,Beverages,103,746,0,0,0,1.8
2025-01-11,SKU-101,Beverages,105,641,0,0,0,1.8
2025-01-12,SKU-101,Beverages,89,552,0,0,0,1.8
2025-01-13,SKU-101,Beverages,74,2242,1764,0,0,1.8
2025-01-14,SKU-101,Beverages,83,2159,0,0,0,1.8
2025-01-15,SKU-101,Beverages,89,2070,0,0,0,1.8
2025-01-16,SKU-101,Beverages,90,1980,0,0,0,1.8
2025-01-17,SKU-101,Beverages,100,1880,0,0,0,1.8
2025-01-18,SKU-101,Beverages,81,1799,0,0,0,1.8
2025-01-19,SKU-101,Beverages,79,1720,0,0,0,1.8
2025-01-20,SKU-101,Beverages,64,1656,0,0,0,1.8
2025-01-21,SKU-101,Beverages,65,1591,0,0,0,1.8
2025-01-22,SKU-101,Beverages,72,1519,0,0,0,1.8
2025-01-23,SKU-101,Beverages,95,1424,0,0,0,1.8
2025-01-24,SKU-101,Beverages,89,1335,0,0,0,1.8
2025-01-25,SKU-101,Beverages,80,1255,0,0,0,1.8
2025-01-26,SKU-101,Beverages,69,1186,0,0,0,1.8
2025-01-27,SKU-101,Beverages,68,1118,0,0,0,1.8
2025-01-28,SKU-101,Beverages,71,1047,0,0,0,1.8
2025-01-29,SKU-101,Beverages,84,963,0,0,0,1.8
2025-01-30,SKU-101,Beverages,98,865,0,0,0,1.8
2025-01-31,SKU-101,Beverages,114,751,0,0,0,1.8
2025-02-01,SKU-101,Beverages,91,660,0,0,0,1.8
2025-02-02,SKU-101,Beverages,78,582,0,0,0,1.8
2025-02-03,SKU-101,Beverages,69,2277,1764,0,0,1.8
2025-02-04,SKU-101,Beverages,83,2194,0,0,0,1.8
2025-02-05,SKU-101,Beverages,100,2094,0,0,0,1.8
2025-02-06,SKU-101,Beverages,105,1989,0,0,0,1.8
2025-02-07,SKU-101,Beverages,104,1885,0,0,0,1.8
2025-02-08,SKU-101,Beverages,95,1790,0,0,0,1.8
2025-02-09,SKU-101,Beverages,90,1700,0,0,0,1.8
2025-02-10,SKU-101,Beverages,81,1619,0,0,0,1.8
2025-02-11,SKU-101,Beverages,120,1499,0,1,0,1.8
2025-02-12,SKU-101,Beverages,124,1375,0,1,0,1.8
2025-02-13,SKU-101,Beverages,141,1234,0,1,0,1.8
2025-02-14,SKU-101,Beverages,141,1093,0,1,0,1.8
2025-02-15,SKU-101,Beverages,93,1000,0,0,0,1.8
2025-02-16,SKU-101,Beverages,83,917,0,0,0,1.8
2025-02-17,SKU-101,Beverages,69,848,0,0,0,1.8
2025-02-18,SKU-101,Beverages,74,774,0,0,0,1.8
2025-02-19,SKU-101,Beverages,80,694,0,0,0,1.8
2025-02-20,SKU-101,Beverages,91,603,0,0,0,1.8
2025-02-21,SKU-101,Beverages,95,508,0,0,0,1.8
2025-02-22,SKU-101,Beverages,73,2199,1764,0,0,1.8
2025-02-23,SKU-101,Beverages,69,2130,0,0,0,1.8
2025-02-24,SKU-101,Beverages,61,2069,0,0,0,1.8
2025-02-25,SKU-101,Beverages,63,2006,0,0,0,1.8
2025-02-26,SKU-101,Beverages,78,1928,0,0,0,1.8
2025-02-27,SKU-101,Beverages,102,1826,0,0,0,1.8
2025-02-28,SKU-101,Beverages,91,1735,0,0,0,1.8
2025-03-01,SKU-101,Beverages,97,1638,0,0,0,1.8
2025-03-02,SKU-101,Beverages,68,1570,0,0,0,1.8
2025-03-03,SKU-101,Beverages,70,1500,0,0,0,1.8
2025-03-04,SKU-101,Beverages,78,1422,0,0,0,1.8
2025-03-05,SKU-101,Beverages,95,1327,0,0,0,1.8
2025-03-06,SKU-101,Beverages,110,1217,0,0,0,1.8
2025-03-07,SKU-101,Beverages,115,1102,0,0,0,1.8
2025-03-08,SKU-101,Beverages,99,1003,0,0,0,1.8
2025-03-09,SKU-101,Beverages,84,919,0,0,0,1.8
2025-03-10,SKU-101,Beverages,84,835,0,0,0,1.8
2025-03-11,SKU-101,Beverages,80,755,0,0,0,1.8
2025-03-12,SKU-101,Beverages,85,670,0,0,0,1.8
2025-03-13,SKU-101,Beverages,97,573,0,0,0,1.8
2025-03-14,SKU-101,Beverages,101,2236,1764,0,0,1.8
2025-03-15,SKU-101,Beverages,100,2136,0,0,0,1.8
2025-03-16,SKU-101,Beverages,82,2054,0,0,0,1.8
2025-03-17,SKU-101,Beverages,76,1978,0,0,0,1.8
2025-03-18,SKU-101,Beverages,70,1908,0,0,0,1.8
2025-03-19,SKU-101,Beverages,84,1824,0,0,0,1.8
2025-03-20,SKU-101,Beverages,97,1727,0,0,0,1.8
2025-03-21,SKU-101,Beverages,92,1635,0,0,0,1.8
2025-03-22,SKU-101,Beverages,88,1547,0,0,0,1.8
2025-03-23,SKU-101,Beverages,68,1479,0,0,0,1.8
2025-03-24,SKU-101,Beverages,100,1379,0,1,0,1.8
2025-03-25,SKU-101,Beverages,103,1276,0,1,0,1.8
2025-03-26,SKU-101,Beverages,108,1168,0,1,0,1.8
2025-03-27,SKU-101,Beverages,131,1037,0,1,0,1.8
2025-03-28,SKU-101,Beverages,91,946,0,0,0,1.8
2025-03-29,SKU-101,Beverages,88,858,0,0,0,1.8
2025-03-30,SKU-101,Beverages,80,778,0,0,0,1.8
2025-03-31,SKU-101,Beverages,73,705,0,0,0,1.8
2025-04-01,SKU-101,Beverages,79,626,0,0,0,1.8
2025-04-02,SKU-101,Beverages,88,538,0,0,0,1.8
2025-04-03,SKU-101,Beverages,100,2202,1764,0,0,1.8
2025-04-04,SKU-101,Beverages,107,2095,0,0,0,1.8
2025-04-05,SKU-101,Beverages,89,2006,0,0,0,1.8
2025-04-06,SKU-101,Beverages,77,1929,0,0,0,1.8
2025-04-07,SKU-101,Beverages,70,1859,0,0,0,1.8
2025-04-08,SKU-101,Beverages,76,1783,0,0,0,1.8
2025-04-09,SKU-101,Beverages,98,1685,0,0,0,1.8
2025-04-10,SKU-101,Beverages,102,1583,0,0,0,1.8
2025-04-11,SKU-101,Beverages,108,1475,0,0,0,1.8
2025-04-12,SKU-101,Beverages,109,1366,0,0,0,1.8
2025-04-13,SKU-101,Beverages,83,1283,0,0,0,1.8
2025-04-14,SKU-101,Beverages,80,1203,0,0,0,1.8
2025-04-15,SKU-101,Beverages,71,1132,0,0,0,1.8
2025-04-16,SKU-101,Beverages,86,1046,0,0,0,1.8
2025-04-17,SKU-101,Beverages,91,955,0,0,0,1.8
2025-04-18,SKU-101,Beverages,96,859,0,0,0,1.8
2025-04-19,SKU-101,Beverages,94,765,0,0,0,1.8
2025-04-20,SKU-101,Beverages,63,702,0,0,0,1.8
2025-04-21,SKU-101,Beverages,69,633,0,0,0,1.8
2025-04-22,SKU-101,Beverages,70,563,0,0,0,1.8
2025-04-23,SKU-101,Beverages,75,2252,1764,0,0,1.8
2025-04-24,SKU-101,Beverages,80,2172,0,0,0,1.8
2025-04-25,SKU-101,Beverages,93,2079,0,0,0,1.8
2025-04-26,SKU-101,Beverages,83,1996,0,0,0,1.8
2025-04-27,SKU-101,Beverages,77,1919,0,0,0,1.8
2025-04-28,SKU-101,Beverages,69,1850,0,0,0,1.8
2025-04-29,SKU-101,Beverages,84,1766,0,0,0,1.8
2025-04-30,SKU-101,Beverages,84,1682,0,0,0,1.8
2025-05-01,SKU-101,Beverages,93,1589,0,0,0,1.8
2025-05-02,SKU-101,Beverages,106,1483,0,0,0,1.8
2025-05-03,SKU-101,Beverages,99,1384,0,0,0,1.8
2025-05-04,SKU-101,Beverages,133,1251,0,1,0,1.8
2025-05-05,SKU-101,Beverages,122,1129,0,1,0,1.8
2025-05-06,SKU-101,Beverages,123,1006,0,1,0,1.8
2025-05-07,SKU-101,Beverages,144,862,0,1,0,1.8
2025-05-08,SKU-101,Beverages,101,761,0,0,0,1.8
2025-05-09,SKU-101,Beverages,108,653,0,0,0,1.8
2025-05-10,SKU-101,Beverages,97,556,0,0,0,1.8
2025-05-11,SKU-101,Beverages,85,2235,1764,0,0,1.8
2025-05-12,SKU-101,Beverages,69,2166,0,0,0,1.8
2025-05-13,SKU-101,Beverages,85,2081,0,0,0,1.8
2025-05-14,SKU-101,Beverages,90,1991,0,0,0,1.8
2025-05-15,SKU-101,Beverages,92,1899,0,0,0,1.8
2025-05-16,SKU-101,Beverages,96,1803,0,0,0,1.8
2025-05-17,SKU-101,Beverages,95,1708,0,0,0,1.8
2025-05-18,SKU-101,Beverages,84,1624,0,0,0,1.8
2025-05-19,SKU-101,Beverages,83,1541,0,0,0,1.8
2025-05-20,SKU-101,Beverages,91,1450,0,0,0,1.8
2025-05-21,SKU-101,Beverages,84,1366,0,0,0,1.8
2025-05-22,SKU-101,Beverages,84,1282,0,0,0,1.8
2025-05-23,SKU-101,Beverages,79,1203,0,0,0,1.8
2025-05-24,SKU-101,Beverages,88,1115,0,0,0,1.8
2025-05-25,SKU-101,Beverages,69,1046,0,0,0,1.8
2025-05-26,SKU-101,Beverages,65,981,0,0,0,1.8
2025-05-27,SKU-101,Beverages,67,914,0,0,0,1.8
2025-05-28,SKU-101,Beverages,83,831,0,0,0,1.8
2025-05-29,SKU-101,Beverages,104,727,0,0,0,1.8
2025-05-30,SKU-101,Beverages,102,625,0,0,0,1.8
2025-05-31,SKU-101,Beverages,94,531,0,0,0,1.8
2025-06-01,SKU-101,Beverages,77,2218,1764,0,0,1.8
2025-06-02,SKU-101,Beverages,65,2153,0,0,0,1.8
2025-06-03,SKU-101,Beverages,78,2075,0,0,0,1.8
2025-06-04,SKU-101,Beverages,95,1980,0,0,0,1.8
2025-06-05,SKU-101,Beverages,121,1859,0,0,0,1.8
2025-06-06,SKU-101,Beverages,114,1745,0,0,0,1.8
2025-06-07,SKU-101,Beverages,111,1634,0,0,0,1.8
2025-06-08,SKU-101,Beverages,87,1547,0,0,0,1.8
2025-06-09,SKU-101,Beverages,73,1474,0,0,0,1.8
2025-06-10,SKU-101,Beverages,77,1397,0,0,0,1.8
2025-06-11,SKU-101,Beverages,90,1307,0,0,0,1.8
2025-06-12,SKU-101,Beverages,121,1186,0,0,0,1.8
2025-06-13,SKU-101,Beverages,102,1084,0,0,0,1.8
2025-06-14,SKU-101,Beverages,141,943,0,1,0,1.8
2025-06-15,SKU-101,Beverages,114,829,0,1,0,1.8
2025-06-16,SKU-101,Beverages,117,712,0,1,0,1.8
2025-06-17,SKU-101,Beverages,115,597,0,1,0,1.8
2025-06-18,SKU-101,Beverages,83,514,0,0,0,1.8
2025-06-19,SKU-101,Beverages,93,2185,1764,0,0,1.8
2025-06-20,SKU-101,Beverages,91,2094,0,0,0,1.8
2025-06-21,SKU-101,Beverages,90,2004,0,0,0,1.8
2025-06-22,SKU-101,Beverages,72,1932,0,0,0,1.8
2025-06-23,SKU-101,Beverages,59,1873,0,0,0,1.8
2025-06-24,SKU-101,Beverages,62,1811,0,0,0,1.8
2025-06-25,SKU-101,Beverages,83,1728,0,0,0,1.8
2025-06-26,SKU-101,Beverages,105,1623,0,0,0,1.8
2025-06-27,SKU-101,Beverages,99,1524,0,0,0,1.8
2025-06-28,SKU-101,Beverages,91,1433,0,0,0,1.8
2025-06-29,SKU-101,Beverages,83,1350,0,0,0,1.8
2025-06-30,SKU-101,Beverages,83,1267,0,0,0,1.8
2025-07-01,SKU-101,Beverages,81,1186,0,0,0,1.8
2025-07-02,SKU-101,Beverages,90,1096,0,0,0,1.8
2025-07-03,SKU-101,Beverages,114,982,0,0,0,1.8
2025-07-04,SKU-101,Beverages,114,868,0,0,0,1.8
2025-07-05,SKU-101,Beverages,114,754,0,0,0,1.8
2025-07-06,SKU-101,Beverages,92,662,0,0,0,1.8
2025-07-07,SKU-101,Beverages,74,588,0,0,0,1.8
2025-07-08,SKU-101,Beverages,76,512,0,0,0,1.8
2025-07-09,SKU-101,Beverages,109,2167,1764,0,0,1.8
2025-07-10,SKU-101,Beverages,121,2046,0,0,0,1.8
2025-07-11,SKU-101,Beverages,111,1935,0,0,0,1.8
2025-07-12,SKU-101,Beverages,99,1836,0,0,0,1.8
2025-07-13,SKU-101,Beverages,96,1740,0,0,0,1.8
2025-07-14,SKU-101,Beverages,69,1671,0,0,0,1.8
2025-07-15,SKU-101,Beverages,72,1599,0,0,0,1.8
2025-07-16,SKU-101,Beverages,92,1507,0,0,0,1.8
2025-07-17,SKU-101,Beverages,95,1412,0,0,0,1.8
2025-07-18,SKU-101,Beverages,99,1313,0,0,0,1.8
2025-07-19,SKU-101,Beverages,89,1224,0,0,0,1.8
2025-07-20,SKU-101,Beverages,79,1145,0,0,0,1.8
2025-07-21,SKU-101,Beverages,78,1067,0,0,0,1.8
2025-07-22,SKU-101,Beverages,72,995,0,0,0,1.8
2025-07-23,SKU-101,Beverages,86,909,0,0,0,1.8
2025-07-24,SKU-101,Beverages,79,830,0,0,0,1.8
2025-07-25,SKU-101,Beverages,134,696,0,1,0,1.8
2025-07-26,SKU-101,Beverages,122,574,0,1,0,1.8
2025-07-27,SKU-101,Beverages,109,2229,1764,1,0,1.8
2025-07-28,SKU-101,Beverages,105,2124,0,1,0,1.8
2025-07-29,SKU-101,Beverages,75,2049,0,0,0,1.8
2025-07-30,SKU-101,Beverages,96,1953,0,0,0,1.8
2025-07-31,SKU-101,Beverages,95,1858,0,0,0,1.8
2025-08-01,SKU-101,Beverages,109,1749,0,0,0,1.8
2025-08-02,SKU-101,Beverages,99,1650,0,0,0,1.8
2025-08-03,SKU-101,Beverages,87,1563,0,0,0,1.8
2025-08-04,SKU-101,Beverages,88,1475,0,0,0,1.8
2025-08-05,SKU-101,Beverages,89,1386,0,0,0,1.8
2025-08-06,SKU-101,Beverages,108,1278,0,0,0,1.8
2025-08-07,SKU-101,Beverages,111,1167,0,0,0,1.8
2025-08-08,SKU-101,Beverages,110,1057,0,0,0,1.8
2025-08-09,SKU-101,Beverages,103,954,0,0,0,1.8
2025-08-10,SKU-101,Beverages,91,863,0,0,0,1.8
2025-08-11,SKU-101,Beverages,81,782,0,0,0,1.8
2025-08-12,SKU-101,Beverages,75,707,0,0,0,1.8
2025-08-13,SKU-101,Beverages,93,614,0,0,0,1.8
2025-08-14,SKU-101,Beverages,125,489,0,0,1,1.8
2025-08-15,SKU-101,Beverages,141,2112,1764,0,1,1.8
2025-08-16,SKU-101,Beverages,127,1985,0,0,1,1.8
2025-08-17,SKU-101,Beverages,74,1911,0,0,0,1.8
2025-08-18,SKU-101,Beverages,69,1842,0,0,0,1.8
2025-08-19,SKU-101,Beverages,63,1779,0,0,0,1.8
2025-08-20,SKU-101,Beverages,79,1700,0,0,0,1.8
2025-08-21,SKU-101,Beverages,95,1605,0,0,0,1.8
2025-08-22,SKU-101,Beverages,104,1501,0,0,0,1.8
2025-08-23,SKU-101,Beverages,84,1417,0,0,0,1.8
2025-08-24,SKU-101,Beverages,73,1344,0,0,0,1.8
2025-08-25,SKU-101,Beverages,57,1287,0,0,0,1.8
2025-08-26,SKU-101,Beverages,74,1213,0,0,0,1.8
2025-08-27,SKU-101,Beverages,81,1132,0,0,0,1.8
2025-08-28,SKU-101,Beverages,97,1035,0,0,0,1.8
2025-01-01,SKU-205,Snacks,83,1167,0,1,0,1.2
2025-01-02,SKU-205,Snacks,97,1070,0,1,0,1.2
2025-01-03,SKU-205,Snacks,92,978,0,1,0,1.2
2025-01-04,SKU-205,Snacks,89,889,0,1,0,1.2
2025-01-05,SKU-205,Snacks,72,817,0,0,0,1.2
2025-01-06,SKU-205,Snacks,49,768,0,0,0,1.2
2025-01-07,SKU-205,Snacks,53,715,0,0,0,1.2
2025-01-08,SKU-205,Snacks,77,638,0,0,0,1.2
2025-01-09,SKU-205,Snacks,92,546,0,0,0,1.2
2025-01-10,SKU-205,Snacks,74,472,0,0,0,1.2
2025-01-11,SKU-205,Snacks,71,401,0,0,0,1.2
2025-01-12,SKU-205,Snacks,63,1640,1302,0,0,1.2
2025-01-13,SKU-205,Snacks,63,1577,0,0,0,1.2
2025-01-14,SKU-205,Snacks,51,1526,0,0,0,1.2
2025-01-15,SKU-205,Snacks,62,1464,0,0,0,1.2
2025-01-16,SKU-205,Snacks,75,1389,0,0,0,1.2
2025-01-17,SKU-205,Snacks,74,1315,0,0,0,1.2
2025-01-18,SKU-205,Snacks,62,1253,0,0,0,1.2
2025-01-19,SKU-205,Snacks,53,1200,0,0,0,1.2
2025-01-20,SKU-205,Snacks,41,1159,0,0,0,1.2
2025-01-21,SKU-205,Snacks,48,1111,0,0,0,1.2
2025-01-22,SKU-205,Snacks,55,1056,0,0,0,1.2
2025-01-23,SKU-205,Snacks,65,991,0,0,0,1.2
2025-01-24,SKU-205,Snacks,63,928,0,0,0,1.2
2025-01-25,SKU-205,Snacks,63,865,0,0,0,1.2
2025-01-26,SKU-205,Snacks,57,808,0,0,0,1.2
2025-01-27,SKU-205,Snacks,48,760,0,0,0,1.2
2025-01-28,SKU-205,Snacks,52,708,0,0,0,1.2
2025-01-29,SKU-205,Snacks,60,648,0,0,0,1.2
2025-01-30,SKU-205,Snacks,70,578,0,0,0,1.2
2025-01-31,SKU-205,Snacks,70,508,0,0,0,1.2
2025-02-01,SKU-205,Snacks,70,438,0,0,0,1.2
2025-02-02,SKU-205,Snacks,59,379,0,0,0,1.2
2025-02-03,SKU-205,Snacks,65,1616,1302,0,0,1.2
2025-02-04,SKU-205,Snacks,65,1551,0,0,0,1.2
2025-02-05,SKU-205,Snacks,70,1481,0,0,0,1.2
2025-02-06,SKU-205,Snacks,74,1407,0,0,0,1.2
2025-02-07,SKU-205,Snacks,75,1332,0,0,0,1.2
2025-02-08,SKU-205,Snacks,80,1252,0,0,0,1.2
2025-02-09,SKU-205,Snacks,64,1188,0,0,0,1.2
2025-02-10,SKU-205,Snacks,58,1130,0,0,0,1.2
2025-02-11,SKU-205,Snacks,74,1056,0,1,0,1.2
2025-02-12,SKU-205,Snacks,96,960,0,1,0,1.2
2025-02-13,SKU-205,Snacks,101,859,0,1,0,1.2
2025-02-14,SKU-205,Snacks,94,765,0,1,0,1.2
2025-02-15,SKU-205,Snacks,65,700,0,0,0,1.2
2025-02-16,SKU-205,Snacks,58,642,0,0,0,1.2
2025-02-17,SKU-205,Snacks,50,592,0,0,0,1.2
2025-02-18,SKU-205,Snacks,49,543,0,0,0,1.2
2025-02-19,SKU-205,Snacks,57,486,0,0,0,1.2
2025-02-20,SKU-205,Snacks,64,422,0,0,0,1.2
2025-02-21,SKU-205,Snacks,67,1657,1302,0,0,1.2
2025-02-22,SKU-205,Snacks,68,1589,0,0,0,1.2
2025-02-23,SKU-205,Snacks,39,1550,0,0,0,1.2
2025-02-24,SKU-205,Snacks,46,1504,0,0,0,1.2
2025-02-25,SKU-205,Snacks,50,1454,0,0,0,1.2
2025-02-26,SKU-205,Snacks,59,1395,0,0,0,1.2
2025-02-27,SKU-205,Snacks,65,1330,0,0,0,1.2
2025-02-28,SKU-205,Snacks,62,1268,0,0,0,1.2
2025-03-01,SKU-205,Snacks,68,1200,0,0,0,1.2
2025-03-02,SKU-205,Snacks,66,1134,0,0,0,1.2
2025-03-03,SKU-205,Snacks,45,1089,0,0,0,1.2
2025-03-04,SKU-205,Snacks,60,1029,0,0,0,1.2
2025-03-05,SKU-205,Snacks,65,964,0,0,0,1.2
2025-03-06,SKU-205,Snacks,76,888,0,0,0,1.2
2025-03-07,SKU-205,Snacks,75,813,0,0,0,1.2
2025-03-08,SKU-205,Snacks,72,741,0,0,0,1.2
2025-03-09,SKU-205,Snacks,70,671,0,0,0,1.2
2025-03-10,SKU-205,Snacks,60,611,0,0,0,1.2
2025-03-11,SKU-205,Snacks,68,543,0,0,0,1.2
2025-03-12,SKU-205,Snacks,74,469,0,0,0,1.2
2025-03-13,SKU-205,Snacks,79,390,0,0,0,1.2
2025-03-14,SKU-205,Snacks,87,1605,1302,0,0,1.2
2025-03-15,SKU-205,Snacks,72,1533,0,0,0,1.2
2025-03-16,SKU-205,Snacks,63,1470,0,0,0,1.2
2025-03-17,SKU-205,Snacks,50,1420,0,0,0,1.2
2025-03-18,SKU-205,Snacks,53,1367,0,0,0,1.2
2025-03-19,SKU-205,Snacks,57,1310,0,0,0,1.2
2025-03-20,SKU-205,Snacks,72,1238,0,0,0,1.2
2025-03-21,SKU-205,Snacks,62,1176,0,0,0,1.2
2025-03-22,SKU-205,Snacks,66,1110,0,0,0,1.2
2025-03-23,SKU-205,Snacks,52,1058,0,0,0,1.2
2025-03-24,SKU-205,Snacks,78,980,0,1,0,1.2
2025-03-25,SKU-205,Snacks,78,902,0,1,0,1.2
2025-03-26,SKU-205,Snacks,91,811,0,1,0,1.2
2025-03-27,SKU-205,Snacks,94,717,0,1,0,1.2
2025-03-28,SKU-205,Snacks,61,656,0,0,0,1.2
2025-03-29,SKU-205,Snacks,63,593,0,0,0,1.2
2025-03-30,SKU-205,Snacks,50,543,0,0,0,1.2
2025-03-31,SKU-205,Snacks,48,495,0,0,0,1.2
2025-04-01,SKU-205,Snacks,62,433,0,0,0,1.2
2025-04-02,SKU-205,Snacks,67,1668,1302,0,0,1.2
2025-04-03,SKU-205,Snacks,71,1597,0,0,0,1.2
2025-04-04,SKU-205,Snacks,73,1524,0,0,0,1.2
2025-04-05,SKU-205,Snacks,73,1451,0,0,0,1.2
2025-04-06,SKU-205,Snacks,57,1394,0,0,0,1.2
2025-04-07,SKU-205,Snacks,54,1340,0,0,0,1.2
2025-04-08,SKU-205,Snacks,61,1279,0,0,0,1.2
2025-04-09,SKU-205,Snacks,75,1204,0,0,0,1.2
2025-04-10,SKU-205,Snacks,81,1123,0,0,0,1.2
2025-04-11,SKU-205,Snacks,69,1054,0,0,0,1.2
2025-04-12,SKU-205,Snacks,74,980,0,0,0,1.2
2025-04-13,SKU-205,Snacks,62,918,0,0,0,1.2
2025-04-14,SKU-205,Snacks,56,862,0,0,0,1.2
2025-04-15,SKU-205,Snacks,63,799,0,0,0,1.2
2025-04-16,SKU-205,Snacks,53,746,0,0,0,1.2
2025-04-17,SKU-205,Snacks,67,679,0,0,0,1.2
2025-04-18,SKU-205,Snacks,74,605,0,0,0,1.2
2025-04-19,SKU-205,Snacks,56,549,0,0,0,1.2
2025-04-20,SKU-205,Snacks,61,488,0,0,0,1.2
2025-04-21,SKU-205,Snacks,50,438,0,0,0,1.2
2025-04-22,SKU-205,Snacks,54,384,0,0,0,1.2
2025-04-23,SKU-205,Snacks,54,1632,1302,0,0,1.2
2025-04-24,SKU-205,Snacks,69,1563,0,0,0,1.2
2025-04-25,SKU-205,Snacks,72,1491,0,0,0,1.2
2025-04-26,SKU-205,Snacks,63,1428,0,0,0,1.2
2025-04-27,SKU-205,Snacks,55,1373,0,0,0,1.2
2025-04-28,SKU-205,Snacks,51,1322,0,0,0,1.2
2025-04-29,SKU-205,Snacks,48,1274,0,0,0,1.2
2025-04-30,SKU-205,Snacks,61,1213,0,0,0,1.2
2025-05-01,SKU-205,Snacks,71,1142,0,0,0,1.2
2025-05-02,SKU-205,Snacks,78,1064,0,0,0,1.2
2025-05-03,SKU-205,Snacks,76,988,0,0,0,1.2
2025-05-04,SKU-205,Snacks,81,907,0,1,0,1.2
2025-05-05,SKU-205,Snacks,81,826,0,1,0,1.2
2025-05-06,SKU-205,Snacks,91,735,0,1,0,1.2
2025-05-07,SKU-205,Snacks,90,645,0,1,0,1.2
2025-05-08,SKU-205,Snacks,75,570,0,0,0,1.2
2025-05-09,SKU-205,Snacks,82,488,0,0,0,1.2
2025-05-10,SKU-205,Snacks,79,409,0,0,0,1.2
2025-05-11,SKU-205,Snacks,63,1648,1302,0,0,1.2
2025-05-12,SKU-205,Snacks,63,1585,0,0,0,1.2
2025-05-13,SKU-205,Snacks,62,1523,0,0,0,1.2
2025-05-14,SKU-205,Snacks,70,1453,0,0,0,1.2
2025-05-15,SKU-205,Snacks,76,1377,0,0,0,1.2
2025-05-16,SKU-205,Snacks,86,1291,0,0,0,1.2
2025-05-17,SKU-205,Snacks,66,1225,0,0,0,1.2
2025-05-18,SKU-205,Snacks,46,1179,0,0,0,1.2
2025-05-19,SKU-205,Snacks,57,1122,0,0,0,1.2
2025-05-20,SKU-205,Snacks,48,1074,0,0,0,1.2
2025-05-21,SKU-205,Snacks,59,1015,0,0,0,1.2
2025-05-22,SKU-205,Snacks,72,943,0,0,0,1.2
2025-05-23,SKU-205,Snacks,59,884,0,0,0,1.2
2025-05-24,SKU-205,Snacks,55,829,0,0,0,1.2
2025-05-25,SKU-205,Snacks,45,784,0,0,0,1.2
2025-05-26,SKU-205,Snacks,44,740,0,0,0,1.2
2025-05-27,SKU-205,Snacks,53,687,0,0,0,1.2
2025-05-28,SKU-205,Snacks,62,625,0,0,0,1.2
2025-05-29,SKU-205,Snacks,71,554,0,0,0,1.2
2025-05-30,SKU-205,Snacks,66,488,0,0,0,1.2
2025-05-31,SKU-205,Snacks,57,431,0,0,0,1.2
2025-06-01,SKU-205,Snacks,60,1673,1302,0,0,1.2
2025-06-02,SKU-205,Snacks,52,1621,0,0,0,1.2
2025-06-03,SKU-205,Snacks,60,1561,0,0,0,1.2
2025-06-04,SKU-205,Snacks,72,1489,0,0,0,1.2
2025-06-05,SKU-205,Snacks,79,1410,0,0,0,1.2
2025-06-06,SKU-205,Snacks,85,1325,0,0,0,1.2
2025-06-07,SKU-205,Snacks,76,1249,0,0,0,1.2
2025-06-08,SKU-205,Snacks,67,1182,0,0,0,1.2
2025-06-09,SKU-205,Snacks,54,1128,0,0,0,1.2
2025-06-10,SKU-205,Snacks,59,1069,0,0,0,1.2
2025-06-11,SKU-205,Snacks,69,1000,0,0,0,1.2
2025-06-12,SKU-205,Snacks,81,919,0,0,0,1.2
2025-06-13,SKU-205,Snacks,76,843,0,0,0,1.2
2025-06-14,SKU-205,Snacks,97,746,0,1,0,1.2
2025-06-15,SKU-205,Snacks,82,664,0,1,0,1.2
2025-06-16,SKU-205,Snacks,76,588,0,1,0,1.2
2025-06-17,SKU-205,Snacks,82,506,0,1,0,1.2
2025-06-18,SKU-205,Snacks,50,456,0,0,0,1.2
2025-06-19,SKU-205,Snacks,61,395,0,0,0,1.2
2025-06-20,SKU-205,Snacks,61,1636,1302,0,0,1.2
2025-06-21,SKU-205,Snacks,51,1585,0,0,0,1.2
2025-06-22,SKU-205,Snacks,50,1535,0,0,0,1.2
2025-06-23,SKU-205,Snacks,51,1484,0,0,0,1.2
2025-06-24,SKU-205,Snacks,49,1435,0,0,0,1.2
2025-06-25,SKU-205,Snacks,59,1376,0,0,0,1.2
2025-06-26,SKU-205,Snacks,73,1303,0,0,0,1.2
2025-06-27,SKU-205,Snacks,77,1226,0,0,0,1.2
2025-06-28,SKU-205,Snacks,66,1160,0,0,0,1.2
2025-06-29,SKU-205,Snacks,64,1096,0,0,0,1.2
2025-06-30,SKU-205,Snacks,53,1043,0,0,0,1.2
2025-07-01,SKU-205,Snacks,52,991,0,0,0,1.2
2025-07-02,SKU-205,Snacks,63,928,0,0,0,1.2
2025-07-03,SKU-205,Snacks,69,859,0,0,0,1.2
2025-07-04,SKU-205,Snacks,76,783,0,0,0,1.2
2025-07-05,SKU-205,Snacks,73,710,0,0,0,1.2
2025-07-06,SKU-205,Snacks,68,642,0,0,0,1.2
2025-07-07,SKU-205,Snacks,67,575,0,0,0,1.2
2025-07-08,SKU-205,Snacks,54,521,0,0,0,1.2
2025-07-09,SKU-205,Snacks,72,449,0,0,0,1.2
2025-07-10,SKU-205,Snacks,74,375,0,0,0,1.2
2025-07-11,SKU-205,Snacks,83,1594,1302,0,0,1.2
2025-07-12,SKU-205,Snacks,72,1522,0,0,0,1.2
2025-07-13,SKU-205,Snacks,52,1470,0,0,0,1.2
2025-07-14,SKU-205,Snacks,59,1411,0,0,0,1.2
2025-07-15,SKU-205,Snacks,52,1359,0,0,0,1.2
2025-07-16,SKU-205,Snacks,60,1299,0,0,0,1.2
2025-07-17,SKU-205,Snacks,65,1234,0,0,0,1.2
2025-07-18,SKU-205,Snacks,67,1167,0,0,0,1.2
2025-07-19,SKU-205,Snacks,66,1101,0,0,0,1.2
2025-07-20,SKU-205,Snacks,53,1048,0,0,0,1.2
2025-07-21,SKU-205,Snacks,50,998,0,0,0,1.2
2025-07-22,SKU-205,Snacks,52,946,0,0,0,1.2
2025-07-23,SKU-205,Snacks,64,882,0,0,0,1.2
2025-07-24,SKU-205,Snacks,64,818,0,0,0,1.2
2025-07-25,SKU-205,Snacks,86,732,0,1,0,1.2
2025-07-26,SKU-205,Snacks,94,638,0,1,0,1.2
2025-07-27,SKU-205,Snacks,79,559,0,1,0,1.2
2025-07-28,SKU-205,Snacks,82,477,0,1,0,1.2
2025-07-29,SKU-205,Snacks,56,421,0,0,0,1.2
2025-07-30,SKU-205,Snacks,63,1660,1302,0,0,1.2
2025-07-31,SKU-205,Snacks,76,1584,0,0,0,1.2
2025-08-01,SKU-205,Snacks,88,1496,0,0,0,1.2
2025-08-02,SKU-205,Snacks,83,1413,0,0,0,1.2
2025-08-03,SKU-205,Snacks,64,1349,0,0,0,1.2
2025-08-04,SKU-205,Snacks,58,1291,0,0,0,1.2
2025-08-05,SKU-205,Snacks,66,1225,0,0,0,1.2
2025-08-06,SKU-205,Snacks,66,1159,0,0,0,1.2
2025-08-07,SKU-205,Snacks,82,1077,0,0,0,1.2
2025-08-08,SKU-205,Snacks,82,995,0,0,0,1.2
2025-08-09,SKU-205,Snacks,76,919,0,0,0,1.2
2025-08-10,SKU-205,Snacks,59,860,0,0,0,1.2
2025-08-11,SKU-205,Snacks,48,812,0,0,0,1.2
2025-08-12,SKU-205,Snacks,47,765,0,0,0,1.2
2025-08-13,SKU-205,Snacks,60,705,0,0,0,1.2
2025-08-14,SKU-205,Snacks,86,619,0,0,1,1.2
2025-08-15,SKU-205,Snacks,88,531,0,0,1,1.2
2025-08-16,SKU-205,Snacks,92,439,0,0,1,1.2
2025-08-17,SKU-205,Snacks,62,377,0,0,0,1.2
2025-08-18,SKU-205,Snacks,45,1634,1302,0,0,1.2
2025-08-19,SKU-205,Snacks,53,1581,0,0,0,1.2
2025-08-20,SKU-205,Snacks,56,1525,0,0,0,1.2
2025-08-21,SKU-205,Snacks,65,1460,0,0,0,1.2
2025-08-22,SKU-205,Snacks,69,1391,0,0,0,1.2
2025-08-23,SKU-205,Snacks,66,1325,0,0,0,1.2
2025-08-24,SKU-205,Snacks,53,1272,0,0,0,1.2
2025-08-25,SKU-205,Snacks,55,1217,0,0,0,1.2
2025-08-26,SKU-205,Snacks,47,1170,0,0,0,1.2
2025-08-27,SKU-205,Snacks,62,1108,0,0,0,1.2
2025-08-28,SKU-205,Snacks,85,1023,0,0,0,1.2
2025-01-01,SKU-330,Personal Care,52,848,0,1,0,3.4
2025-01-02,SKU-330,Personal Care,61,787,0,1,0,3.4
2025-01-03,SKU-330,Personal Care,59,728,0,1,0,3.4
2025-01-04,SKU-330,Personal Care,58,670,0,1,0,3.4
2025-01-05,SKU-330,Personal Care,35,635,0,0,0,3.4
2025-01-06,SKU-330,Personal Care,31,604,0,0,0,3.4
2025-01-07,SKU-330,Personal Care,31,573,0,0,0,3.4
2025-01-08,SKU-330,Personal Care,40,533,0,0,0,3.4
2025-01-09,SKU-330,Personal Care,42,491,0,0,0,3.4
2025-01-10,SKU-330,Personal Care,47,444,0,0,0,3.4
2025-01-11,SKU-330,Personal Care,44,400,0,0,0,3.4
2025-01-12,SKU-330,Personal Care,36,364,0,0,0,3.4
2025-01-13,SKU-330,Personal Care,30,334,0,0,0,3.4
2025-01-14,SKU-330,Personal Care,33,301,0,0,0,3.4
2025-01-15,SKU-330,Personal Care,35,266,0,0,0,3.4
2025-01-16,SKU-330,Personal Care,43,223,0,0,0,3.4
2025-01-17,SKU-330,Personal Care,36,922,735,0,0,3.4
2025-01-18,SKU-330,Personal Care,36,886,0,0,0,3.4
2025-01-19,SKU-330,Personal Care,26,860,0,0,0,3.4
2025-01-20,SKU-330,Personal Care,23,837,0,0,0,3.4
2025-01-21,SKU-330,Personal Care,32,805,0,0,0,3.4
2025-01-22,SKU-330,Personal Care,35,770,0,0,0,3.4
2025-01-23,SKU-330,Personal Care,35,735,0,0,0,3.4
2025-01-24,SKU-330,Personal Care,34,701,0,0,0,3.4
2025-01-25,SKU-330,Personal Care,27,674,0,0,0,3.4
2025-01-26,SKU-330,Personal Care,29,645,0,0,0,3.4
2025-01-27,SKU-330,Personal Care,35,610,0,0,0,3.4
2025-01-28,SKU-330,Personal Care,31,579,0,0,0,3.4
2025-01-29,SKU-330,Personal Care,33,546,0,0,0,3.4
2025-01-30,SKU-330,Personal Care,42,504,0,0,0,3.4
2025-01-31,SKU-330,Personal Care,38,466,0,0,0,3.4
2025-02-01,SKU-330,Personal Care,39,427,0,0,0,3.4
2025-02-02,SKU-330,Personal Care,35,392,0,0,0,3.4
2025-02-03,SKU-330,Personal Care,32,360,0,0,0,3.4
2025-02-04,SKU-330,Personal Care,36,324,0,0,0,3.4
2025-02-05,SKU-330,Personal Care,40,284,0,0,0,3.4
2025-02-06,SKU-330,Personal Care,47,237,0,0,0,3.4
2025-02-07,SKU-330,Personal Care,45,927,735,0,0,3.4
2025-02-08,SKU-330,Personal Care,46,881,0,0,0,3.4
2025-02-09,SKU-330,Personal Care,41,840,0,0,0,3.4
2025-02-10,SKU-330,Personal Care,30,810,0,0,0,3.4
2025-02-11,SKU-330,Personal Care,47,763,0,1,0,3.4
2025-02-12,SKU-330,Personal Care,58,705,0,1,0,3.4
2025-02-13,SKU-330,Personal Care,59,646,0,1,0,3.4
2025-02-14,SKU-330,Personal Care,64,582,0,1,0,3.4
2025-02-15,SKU-330,Personal Care,38,544,0,0,0,3.4
2025-02-16,SKU-330,Personal Care,38,506,0,0,0,3.4
2025-02-17,SKU-330,Personal Care,30,476,0,0,0,3.4
2025-02-18,SKU-330,Personal Care,31,445,0,0,0,3.4
2025-02-19,SKU-330,Personal Care,39,406,0,0,0,3.4
2025-02-20,SKU-330,Personal Care,37,369,0,0,0,3.4
2025-02-21,SKU-330,Personal Care,37,332,0,0,0,3.4
2025-02-22,SKU-330,Personal Care,35,297,0,0,0,3.4
2025-02-23,SKU-330,Personal Care,32,265,0,0,0,3.4
2025-02-24,SKU-330,Personal Care,24,241,0,0,0,3.4
2025-02-25,SKU-330,Personal Care,31,945,735,0,0,3.4
2025-02-26,SKU-330,Personal Care,33,912,0,0,0,3.4
2025-02-27,SKU-330,Personal Care,43,869,0,0,0,3.4
2025-02-28,SKU-330,Personal Care,35,834,0,0,0,3.4
2025-03-01,SKU-330,Personal Care,37,797,0,0,0,3.4
2025-03-02,SKU-330,Personal Care,30,767,0,0,0,3.4
2025-03-03,SKU-330,Personal Care,30,737,0,0,0,3.4
2025-03-04,SKU-330,Personal Care,34,703,0,0,0,3.4
2025-03-05,SKU-330,Personal Care,39,664,0,0,0,3.4
2025-03-06,SKU-330,Personal Care,45,619,0,0,0,3.4
2025-03-07,SKU-330,Personal Care,47,572,0,0,0,3.4
2025-03-08,SKU-330,Personal Care,45,527,0,0,0,3.4
2025-03-09,SKU-330,Personal Care,35,492,0,0,0,3.4
2025-03-10,SKU-330,Personal Care,36,456,0,0,0,3.4
2025-03-11,SKU-330,Personal Care,38,418,0,0,0,3.4
2025-03-12,SKU-330,Personal Care,42,376,0,0,0,3.4
2025-03-13,SKU-330,Personal Care,47,329,0,0,0,3.4
2025-03-14,SKU-330,Personal Care,47,282,0,0,0,3.4
2025-03-15,SKU-330,Personal Care,48,234,0,0,0,3.4
2025-03-16,SKU-330,Personal Care,36,933,735,0,0,3.4
2025-03-17,SKU-330,Personal Care,31,902,0,0,0,3.4
2025-03-18,SKU-330,Personal Care,30,872,0,0,0,3.4
2025-03-19,SKU-330,Personal Care,34,838,0,0,0,3.4
2025-03-20,SKU-330,Personal Care,37,801,0,0,0,3.4
2025-03-21,SKU-330,Personal Care,39,762,0,0,0,3.4
2025-03-22,SKU-330,Personal Care,37,725,0,0,0,3.4
2025-03-23,SKU-330,Personal Care,33,692,0,0,0,3.4
2025-03-24,SKU-330,Personal Care,45,647,0,1,0,3.4
2025-03-25,SKU-330,Personal Care,44,603,0,1,0,3.4
2025-03-26,SKU-330,Personal Care,54,549,0,1,0,3.4
2025-03-27,SKU-330,Personal Care,58,491,0,1,0,3.4
2025-03-28,SKU-330,Personal Care,41,450,0,0,0,3.4
2025-03-29,SKU-330,Personal Care,37,413,0,0,0,3.4
2025-03-30,SKU-330,Personal Care,36,377,0,0,0,3.4
2025-03-31,SKU-330,Personal Care,32,345,0,0,0,3.4
2025-04-01,SKU-330,Personal Care,30,315,0,0,0,3.4
2025-04-02,SKU-330,Personal Care,39,276,0,0,0,3.4
2025-04-03,SKU-330,Personal Care,46,230,0,0,0,3.4
2025-04-04,SKU-330,Personal Care,45,920,735,0,0,3.4
2025-04-05,SKU-330,Personal Care,45,875,0,0,0,3.4
2025-04-06,SKU-330,Personal Care,35,840,0,0,0,3.4
2025-04-07,SKU-330,Personal Care,39,801,0,0,0,3.4
2025-04-08,SKU-330,Personal Care,40,761,0,0,0,3.4
2025-04-09,SKU-330,Personal Care,42,719,0,0,0,3.4
2025-04-10,SKU-330,Personal Care,49,670,0,0,0,3.4
2025-04-11,SKU-330,Personal Care,42,628,0,0,0,3.4
2025-04-12,SKU-330,Personal Care,41,587,0,0,0,3.4
2025-04-13,SKU-330,Personal Care,37,550,0,0,0,3.4
2025-04-14,SKU-330,Personal Care,31,519,0,0,0,3.4
2025-04-15,SKU-330,Personal Care,37,482,0,0,0,3.4
2025-04-16,SKU-330,Personal Care,45,437,0,0,0,3.4
2025-04-17,SKU-330,Personal Care,40,397,0,0,0,3.4
2025-04-18,SKU-330,Personal Care,41,356,0,0,0,3.4
2025-04-19,SKU-330,Personal Care,40,316,0,0,0,3.4
2025-04-20,SKU-330,Personal Care,39,277,0,0,0,3.4
2025-04-21,SKU-330,Personal Care,27,250,0,0,0,3.4
2025-04-22,SKU-330,Personal Care,32,218,0,0,0,3.4
2025-04-23,SKU-330,Personal Care,41,912,735,0,0,3.4
2025-04-24,SKU-330,Personal Care,36,876,0,0,0,3.4
2025-04-25,SKU-330,Personal Care,38,838,0,0,0,3.4
2025-04-26,SKU-330,Personal Care,38,800,0,0,0,3.4
2025-04-27,SKU-330,Personal Care,33,767,0,0,0,3.4
2025-04-28,SKU-330,Personal Care,34,733,0,0,0,3.4
2025-04-29,SKU-330,Personal Care,34,699,0,0,0,3.4
2025-04-30,SKU-330,Personal Care,34,665,0,0,0,3.4
2025-05-01,SKU-330,Personal Care,46,619,0,0,0,3.4
2025-05-02,SKU-330,Personal Care,45,574,0,0,0,3.4
2025-05-03,SKU-330,Personal Care,48,526,0,0,0,3.4
2025-05-04,SKU-330,Personal Care,53,473,0,1,0,3.4
2025-05-05,SKU-330,Personal Care,50,423,0,1,0,3.4
2025-05-06,SKU-330,Personal Care,55,368,0,1,0,3.4
2025-05-07,SKU-330,Personal Care,62,306,0,1,0,3.4
2025-05-08,SKU-330,Personal Care,50,256,0,0,0,3.4
2025-05-09,SKU-330,Personal Care,46,210,0,0,0,3.4
2025-05-10,SKU-330,Personal Care,48,897,735,0,0,3.4
2025-05-11,SKU-330,Personal Care,37,860,0,0,0,3.4
2025-05-12,SKU-330,Personal Care,37,823,0,0,0,3.4
2025-05-13,SKU-330,Personal Care,33,790,0,0,0,3.4
2025-05-14,SKU-330,Personal Care,43,747,0,0,0,3.4
2025-05-15,SKU-330,Personal Care,44,703,0,0,0,3.4
2025-05-16,SKU-330,Personal Care,43,660,0,0,0,3.4
2025-05-17,SKU-330,Personal Care,44,616,0,0,0,3.4
2025-05-18,SKU-330,Personal Care,37,579,0,0,0,3.4
2025-05-19,SKU-330,Personal Care,31,548,0,0,0,3.4
2025-05-20,SKU-330,Personal Care,37,511,0,0,0,3.4
2025-05-21,SKU-330,Personal Care,36,475,0,0,0,3.4
2025-05-22,SKU-330,Personal Care,42,433,0,0,0,3.4
2025-05-23,SKU-330,Personal Care,43,390,0,0,0,3.4
2025-05-24,SKU-330,Personal Care,38,352,0,0,0,3.4
2025-05-25,SKU-330,Personal Care,36,316,0,0,0,3.4
2025-05-26,SKU-330,Personal Care,31,285,0,0,0,3.4
2025-05-27,SKU-330,Personal Care,33,252,0,0,0,3.4
2025-05-28,SKU-330,Personal Care,43,209,0,0,0,3.4
2025-05-29,SKU-330,Personal Care,41,903,735,0,0,3.4
2025-05-30,SKU-330,Personal Care,39,864,0,0,0,3.4
2025-05-31,SKU-330,Personal Care,48,816,0,0,0,3.4
2025-06-01,SKU-330,Personal Care,46,770,0,0,0,3.4
2025-06-02,SKU-330,Personal Care,35,735,0,0,0,3.4
2025-06-03,SKU-330,Personal Care,33,702,0,0,0,3.4
2025-06-04,SKU-330,Personal Care,43,659,0,0,0,3.4
2025-06-05,SKU-330,Personal Care,49,610,0,0,0,3.4
2025-06-06,SKU-330,Personal Care,51,559,0,0,0,3.4
2025-06-07,SKU-330,Personal Care,45,514,0,0,0,3.4
2025-06-08,SKU-330,Personal Care,43,471,0,0,0,3.4
2025-06-09,SKU-330,Personal Care,39,432,0,0,0,3.4
2025-06-10,SKU-330,Personal Care,35,397,0,0,0,3.4
2025-06-11,SKU-330,Personal Care,46,351,0,0,0,3.4
2025-06-12,SKU-330,Personal Care,54,297,0,0,0,3.4
2025-06-13,SKU-330,Personal Care,50,247,0,0,0,3.4
2025-06-14,SKU-330,Personal Care,60,187,0,1,0,3.4
2025-06-15,SKU-330,Personal Care,54,868,735,1,0,3.4
2025-06-16,SKU-330,Personal Care,53,815,0,1,0,3.4
2025-06-17,SKU-330,Personal Care,47,768,0,1,0,3.4
2025-06-18,SKU-330,Personal Care,40,728,0,0,0,3.4
2025-06-19,SKU-330,Personal Care,43,685,0,0,0,3.4
2025-06-20,SKU-330,Personal Care,50,635,0,0,0,3.4
2025-06-21,SKU-330,Personal Care,40,595,0,0,0,3.4
2025-06-22,SKU-330,Personal Care,41,554,0,0,0,3.4
2025-06-23,SKU-330,Personal Care,30,524,0,0,0,3.4
2025-06-24,SKU-330,Personal Care,36,488,0,0,0,3.4
2025-06-25,SKU-330,Personal Care,40,448,0,0,0,3.4
2025-06-26,SKU-330,Personal Care,42,406,0,0,0,3.4
2025-06-27,SKU-330,Personal Care,46,360,0,0,0,3.4
2025-06-28,SKU-330,Personal Care,47,313,0,0,0,3.4
2025-06-29,SKU-330,Personal Care,38,275,0,0,0,3.4
2025-06-30,SKU-330,Personal Care,31,244,0,0,0,3.4
2025-07-01,SKU-330,Personal Care,38,941,735,0,0,3.4
2025-07-02,SKU-330,Personal Care,41,900,0,0,0,3.4
2025-07-03,SKU-330,Personal Care,49,851,0,0,0,3.4
2025-07-04,SKU-330,Personal Care,51,800,0,0,0,3.4
2025-07-05,SKU-330,Personal Care,44,756,0,0,0,3.4
2025-07-06,SKU-330,Personal Care,38,718,0,0,0,3.4
2025-07-07,SKU-330,Personal Care,41,677,0,0,0,3.4
2025-07-08,SKU-330,Personal Care,39,638,0,0,0,3.4
2025-07-09,SKU-330,Personal Care,39,599,0,0,0,3.4
2025-07-10,SKU-330,Personal Care,53,546,0,0,0,3.4
2025-07-11,SKU-330,Personal Care,53,493,0,0,0,3.4
2025-07-12,SKU-330,Personal Care,46,447,0,0,0,3.4
2025-07-13,SKU-330,Personal Care,38,409,0,0,0,3.4
2025-07-14,SKU-330,Personal Care,40,369,0,0,0,3.4
2025-07-15,SKU-330,Personal Care,39,330,0,0,0,3.4
2025-07-16,SKU-330,Personal Care,49,281,0,0,0,3.4
2025-07-17,SKU-330,Personal Care,47,234,0,0,0,3.4
2025-07-18,SKU-330,Personal Care,48,921,735,0,0,3.4
2025-07-19,SKU-330,Personal Care,42,879,0,0,0,3.4
2025-07-20,SKU-330,Personal Care,40,839,0,0,0,3.4
2025-07-21,SKU-330,Personal Care,36,803,0,0,0,3.4
2025-07-22,SKU-330,Personal Care,39,764,0,0,0,3.4
2025-07-23,SKU-330,Personal Care,38,726,0,0,0,3.4
2025-07-24,SKU-330,Personal Care,43,683,0,0,0,3.4
2025-07-25,SKU-330,Personal Care,60,623,0,1,0,3.4
2025-07-26,SKU-330,Personal Care,61,562,0,1,0,3.4
2025-07-27,SKU-330,Personal Care,59,503,0,1,0,3.4
2025-07-28,SKU-330,Personal Care,51,452,0,1,0,3.4
2025-07-29,SKU-330,Personal Care,37,415,0,0,0,3.4
2025-07-30,SKU-330,Personal Care,44,371,0,0,0,3.4
2025-07-31,SKU-330,Personal Care,49,322,0,0,0,3.4
2025-08-01,SKU-330,Personal Care,54,268,0,0,0,3.4
2025-08-02,SKU-330,Personal Care,42,226,0,0,0,3.4
2025-08-03,SKU-330,Personal Care,41,920,735,0,0,3.4
2025-08-04,SKU-330,Personal Care,38,882,0,0,0,3.4
2025-08-05,SKU-330,Personal Care,35,847,0,0,0,3.4
2025-08-06,SKU-330,Personal Care,44,803,0,0,0,3.4
2025-08-07,SKU-330,Personal Care,50,753,0,0,0,3.4
2025-08-08,SKU-330,Personal Care,53,700,0,0,0,3.4
2025-08-09,SKU-330,Personal Care,53,647,0,0,0,3.4
2025-08-10,SKU-330,Personal Care,43,604,0,0,0,3.4
2025-08-11,SKU-330,Personal Care,37,567,0,0,0,3.4
2025-08-12,SKU-330,Personal Care,40,527,0,0,0,3.4
2025-08-13,SKU-330,Personal Care,48,479,0,0,0,3.4
2025-08-14,SKU-330,Personal Care,55,424,0,0,1,3.4
2025-08-15,SKU-330,Personal Care,56,368,0,0,1,3.4
2025-08-16,SKU-330,Personal Care,56,312,0,0,1,3.4
2025-08-17,SKU-330,Personal Care,39,273,0,0,0,3.4
2025-08-18,SKU-330,Personal Care,38,235,0,0,0,3.4
2025-08-19,SKU-330,Personal Care,37,933,735,0,0,3.4
2025-08-20,SKU-330,Personal Care,43,890,0,0,0,3.4
2025-08-21,SKU-330,Personal Care,42,848,0,0,0,3.4
2025-08-22,SKU-330,Personal Care,46,802,0,0,0,3.4
2025-08-23,SKU-330,Personal Care,43,759,0,0,0,3.4
2025-08-24,SKU-330,Personal Care,35,724,0,0,0,3.4
2025-08-25,SKU-330,Personal Care,32,692,0,0,0,3.4
2025-08-26,SKU-330,Personal Care,40,652,0,0,0,3.4
2025-08-27,SKU-330,Personal Care,42,610,0,0,0,3.4
2025-08-28,SKU-330,Personal Care,46,564,0,0,0,3.4
2025-01-01,SKU-440,Home Care,67,1083,0,1,0,2.7
2025-01-02,SKU-440,Home Care,79,1004,0,1,0,2.7
2025-01-03,SKU-440,Home Care,69,935,0,1,0,2.7
2025-01-04,SKU-440,Home Care,68,867,0,1,0,2.7
2025-01-05,SKU-440,Home Care,44,823,0,0,0,2.7
2025-01-06,SKU-440,Home Care,49,774,0,0,0,2.7
2025-01-07,SKU-440,Home Care,46,728,0,0,0,2.7
2025-01-08,SKU-440,Home Care,56,672,0,0,0,2.7
2025-01-09,SKU-440,Home Care,56,616,0,0,0,2.7
2025-01-10,SKU-440,Home Care,57,559,0,0,0,2.7
2025-01-11,SKU-440,Home Care,58,501,0,0,0,2.7
2025-01-12,SKU-440,Home Care,48,453,0,0,0,2.7
2025-01-13,SKU-440,Home Care,44,409,0,0,0,2.7
2025-01-14,SKU-440,Home Care,42,367,0,0,0,2.7
2025-01-15,SKU-440,Home Care,50,317,0,0,0,2.7
2025-01-16,SKU-440,Home Care,55,1270,1008,0,0,2.7
2025-01-17,SKU-440,Home Care,58,1212,0,0,0,2.7
2025-01-18,SKU-440,Home Care,53,1159,0,0,0,2.7
2025-01-19,SKU-440,Home Care,35,1124,0,0,0,2.7
2025-01-20,SKU-440,Home Care,28,1096,0,0,0,2.7
2025-01-21,SKU-440,Home Care,41,1055,0,0,0,2.7
2025-01-22,SKU-440,Home Care,48,1007,0,0,0,2.7
2025-01-23,SKU-440,Home Care,45,962,0,0,0,2.7
2025-01-24,SKU-440,Home Care,43,919,0,0,0,2.7
2025-01-25,SKU-440,Home Care,47,872,0,0,0,2.7
2025-01-26,SKU-440,Home Care,44,828,0,0,0,2.7
2025-01-27,SKU-440,Home Care,43,785,0,0,0,2.7
2025-01-28,SKU-440,Home Care,41,744,0,0,0,2.7
2025-01-29,SKU-440,Home Care,44,700,0,0,0,2.7
2025-01-30,SKU-440,Home Care,50,650,0,0,0,2.7
2025-01-31,SKU-440,Home Care,56,594,0,0,0,2.7
2025-02-01,SKU-440,Home Care,51,543,0,0,0,2.7
2025-02-02,SKU-440,Home Care,42,501,0,0,0,2.7
2025-02-03,SKU-440,Home Care,49,452,0,0,0,2.7
2025-02-04,SKU-440,Home Care,51,401,0,0,0,2.7
2025-02-05,SKU-440,Home Care,56,345,0,0,0,2.7
2025-02-06,SKU-440,Home Care,56,289,0,0,0,2.7
2025-02-07,SKU-440,Home Care,65,1232,1008,0,0,2.7
2025-02-08,SKU-440,Home Care,59,1173,0,0,0,2.7
2025-02-09,SKU-440,Home Care,50,1123,0,0,0,2.7
2025-02-10,SKU-440,Home Care,47,1076,0,0,0,2.7
2025-02-11,SKU-440,Home Care,65,1011,0,1,0,2.7
2025-02-12,SKU-440,Home Care,72,939,0,1,0,2.7
2025-02-13,SKU-440,Home Care,78,861,0,1,0,2.7
2025-02-14,SKU-440,Home Care,77,784,0,1,0,2.7
2025-02-15,SKU-440,Home Care,44,740,0,0,0,2.7
2025-02-16,SKU-440,Home Care,43,697,0,0,0,2.7
2025-02-17,SKU-440,Home Care,35,662,0,0,0,2.7
2025-02-18,SKU-440,Home Care,33,629,0,0,0,2.7
2025-02-19,SKU-440,Home Care,50,579,0,0,0,2.7
2025-02-20,SKU-440,Home Care,56,523,0,0,0,2.7
2025-02-21,SKU-440,Home Care,56,467,0,0,0,2.7
2025-02-22,SKU-440,Home Care,47,420,0,0,0,2.7
2025-02-23,SKU-440,Home Care,45,375,0,0,0,2.7
2025-02-24,SKU-440,Home Care,35,340,0,0,0,2.7
2025-02-25,SKU-440,Home Care,38,302,0,0,0,2.7
2025-02-26,SKU-440,Home Care,40,1270,1008,0,0,2.7
2025-02-27,SKU-440,Home Care,52,1218,0,0,0,2.7
2025-02-28,SKU-440,Home Care,54,1164,0,0,0,2.7
2025-03-01,SKU-440,Home Care,45,1119,0,0,0,2.7
2025-03-02,SKU-440,Home Care,43,1076,0,0,0,2.7
2025-03-03,SKU-440,Home Care,39,1037,0,0,0,2.7
2025-03-04,SKU-440,Home Care,49,988,0,0,0,2.7
2025-03-05,SKU-440,Home Care,54,934,0,0,0,2.7
2025-03-06,SKU-440,Home Care,58,876,0,0,0,2.7
2025-03-07,SKU-440,Home Care,62,814,0,0,0,2.7
2025-03-08,SKU-440,Home Care,56,758,0,0,0,2.7
2025-03-09,SKU-440,Home Care,47,711,0,0,0,2.7
2025-03-10,SKU-440,Home Care,39,672,0,0,0,2.7
2025-03-11,SKU-440,Home Care,44,628,0,0,0,2.7
2025-03-12,SKU-440,Home Care,49,579,0,0,0,2.7
2025-03-13,SKU-440,Home Care,53,526,0,0,0,2.7
2025-03-14,SKU-440,Home Care,61,465,0,0,0,2.7
2025-03-15,SKU-440,Home Care,55,410,0,0,0,2.7
2025-03-16,SKU-440,Home Care,38,372,0,0,0,2.7
2025-03-17,SKU-440,Home Care,38,334,0,0,0,2.7
2025-03-18,SKU-440,Home Care,43,1299,1008,0,0,2.7
2025-03-19,SKU-440,Home Care,49,1250,0,0,0,2.7
2025-03-20,SKU-440,Home Care,55,1195,0,0,0,2.7
2025-03-21,SKU-440,Home Care,52,1143,0,0,0,2.7
2025-03-22,SKU-440,Home Care,43,1100,0,0,0,2.7
2025-03-23,SKU-440,Home Care,35,1065,0,0,0,2.7
2025-03-24,SKU-440,Home Care,55,1010,0,1,0,2.7
2025-03-25,SKU-440,Home Care,57,953,0,1,0,2.7
2025-03-26,SKU-440,Home Care,67,886,0,1,0,2.7
2025-03-27,SKU-440,Home Care,72,814,0,1,0,2.7
2025-03-28,SKU-440,Home Care,51,763,0,0,0,2.7
2025-03-29,SKU-440,Home Care,43,720,0,0,0,2.7
2025-03-30,SKU-440,Home Care,40,680,0,0,0,2.7
2025-03-31,SKU-440,Home Care,39,641,0,0,0,2.7
2025-04-01,SKU-440,Home Care,40,601,0,0,0,2.7
2025-04-02,SKU-440,Home Care,46,555,0,0,0,2.7
2025-04-03,SKU-440,Home Care,57,498,0,0,0,2.7
2025-04-04,SKU-440,Home Care,57,441,0,0,0,2.7
2025-04-05,SKU-440,Home Care,52,389,0,0,0,2.7
2025-04-06,SKU-440,Home Care,48,341,0,0,0,2.7
2025-04-07,SKU-440,Home Care,41,300,0,0,0,2.7
2025-04-08,SKU-440,Home Care,45,1263,1008,0,0,2.7
2025-04-09,SKU-440,Home Care,53,1210,0,0,0,2.7
2025-04-10,SKU-440,Home Care,55,1155,0,0,0,2.7
2025-04-11,SKU-440,Home Care,58,1097,0,0,0,2.7
2025-04-12,SKU-440,Home Care,60,1037,0,0,0,2.7
2025-04-13,SKU-440,Home Care,41,996,0,0,0,2.7
2025-04-14,SKU-440,Home Care,32,964,0,0,0,2.7
2025-04-15,SKU-440,Home Care,34,930,0,0,0,2.7
2025-04-16,SKU-440,Home Care,47,883,0,0,0,2.7
2025-04-17,SKU-440,Home Care,53,830,0,0,0,2.7
2025-04-18,SKU-440,Home Care,53,777,0,0,0,2.7
2025-04-19,SKU-440,Home Care,52,725,0,0,0,2.7
2025-04-20,SKU-440,Home Care,30,695,0,0,0,2.7
2025-04-21,SKU-440,Home Care,37,658,0,0,0,2.7
2025-04-22,SKU-440,Home Care,42,616,0,0,0,2.7
2025-04-23,SKU-440,Home Care,38,578,0,0,0,2.7
2025-04-24,SKU-440,Home Care,47,531,0,0,0,2.7
2025-04-25,SKU-440,Home Care,47,484,0,0,0,2.7
2025-04-26,SKU-440,Home Care,43,441,0,0,0,2.7
2025-04-27,SKU-440,Home Care,39,402,0,0,0,2.7
2025-04-28,SKU-440,Home Care,42,360,0,0,0,2.7
2025-04-29,SKU-440,Home Care,45,315,0,0,0,2.7
2025-04-30,SKU-440,Home Care,45,1278,1008,0,0,2.7
2025-05-01,SKU-440,Home Care,61,1217,0,0,0,2.7
2025-05-02,SKU-440,Home Care,57,1160,0,0,0,2.7
2025-05-03,SKU-440,Home Care,59,1101,0,0,0,2.7
2025-05-04,SKU-440,Home Care,64,1037,0,1,0,2.7
2025-05-05,SKU-440,Home Care,61,976,0,1,0,2.7
2025-05-06,SKU-440,Home Care,64,912,0,1,0,2.7
2025-05-07,SKU-440,Home Care,83,829,0,1,0,2.7
2025-05-08,SKU-440,Home Care,62,767,0,0,0,2.7
2025-05-09,SKU-440,Home Care,58,709,0,0,0,2.7
2025-05-10,SKU-440,Home Care,59,650,0,0,0,2.7
2025-05-11,SKU-440,Home Care,45,605,0,0,0,2.7
2025-05-12,SKU-440,Home Care,39,566,0,0,0,2.7
2025-05-13,SKU-440,Home Care,46,520,0,0,0,2.7
2025-05-14,SKU-440,Home Care,49,471,0,0,0,2.7
2025-05-15,SKU-440,Home Care,56,415,0,0,0,2.7
2025-05-16,SKU-440,Home Care,55,360,0,0,0,2.7
2025-05-17,SKU-440,Home Care,51,309,0,0,0,2.7
2025-05-18,SKU-440,Home Care,43,1274,1008,0,0,2.7
2025-05-19,SKU-440,Home Care,28,1246,0,0,0,2.7
2025-05-20,SKU-440,Home Care,39,1207,0,0,0,2.7
2025-05-21,SKU-440,Home Care,39,1168,0,0,0,2.7
2025-05-22,SKU-440,Home Care,43,1125,0,0,0,2.7
2025-05-23,SKU-440,Home Care,49,1076,0,0,0,2.7
2025-05-24,SKU-440,Home Care,45,1031,0,0,0,2.7
2025-05-25,SKU-440,Home Care,36,995,0,0,0,2.7
2025-05-26,SKU-440,Home Care,38,957,0,0,0,2.7
2025-05-27,SKU-440,Home Care,32,925,0,0,0,2.7
2025-05-28,SKU-440,Home Care,42,883,0,0,0,2.7
2025-05-29,SKU-440,Home Care,49,834,0,0,0,2.7
2025-05-30,SKU-440,Home Care,54,780,0,0,0,2.7
2025-05-31,SKU-440,Home Care,51,729,0,0,0,2.7
2025-06-01,SKU-440,Home Care,40,689,0,0,0,2.7
2025-06-02,SKU-440,Home Care,42,647,0,0,0,2.7
2025-06-03,SKU-440,Home Care,42,605,0,0,0,2.7
2025-06-04,SKU-440,Home Care,43,562,0,0,0,2.7
2025-06-05,SKU-440,Home Care,50,512,0,0,0,2.7
2025-06-06,SKU-440,Home Care,60,452,0,0,0,2.7
2025-06-07,SKU-440,Home Care,54,398,0,0,0,2.7
2025-06-08,SKU-440,Home Care,47,351,0,0,0,2.7
2025-06-09,SKU-440,Home Care,42,309,0,0,0,2.7
2025-06-10,SKU-440,Home Care,44,1273,1008,0,0,2.7
2025-06-11,SKU-440,Home Care,54,1219,0,0,0,2.7
2025-06-12,SKU-440,Home Care,52,1167,0,0,0,2.7
2025-06-13,SKU-440,Home Care,53,1114,0,0,0,2.7
2025-06-14,SKU-440,Home Care,66,1048,0,1,0,2.7
2025-06-15,SKU-440,Home Care,63,985,0,1,0,2.7
2025-06-16,SKU-440,Home Care,61,924,0,1,0,2.7
2025-06-17,SKU-440,Home Care,55,869,0,1,0,2.7
2025-06-18,SKU-440,Home Care,34,835,0,0,0,2.7
2025-06-19,SKU-440,Home Care,42,793,0,0,0,2.7
2025-06-20,SKU-440,Home Care,47,746,0,0,0,2.7
2025-06-21,SKU-440,Home Care,43,703,0,0,0,2.7
2025-06-22,SKU-440,Home Care,37,666,0,0,0,2.7
2025-06-23,SKU-440,Home Care,34,632,0,0,0,2.7
2025-06-24,SKU-440,Home Care,34,598,0,0,0,2.7
2025-06-25,SKU-440,Home Care,46,552,0,0,0,2.7
2025-06-26,SKU-440,Home Care,46,506,0,0,0,2.7
2025-06-27,SKU-440,Home Care,48,458,0,0,0,2.7
2025-06-28,SKU-440,Home Care,50,408,0,0,0,2.7
2025-06-29,SKU-440,Home Care,36,372,0,0,0,2.7
2025-06-30,SKU-440,Home Care,39,333,0,0,0,2.7
2025-07-01,SKU-440,Home Care,41,1300,1008,0,0,2.7
2025-07-02,SKU-440,Home Care,48,1252,0,0,0,2.7
2025-07-03,SKU-440,Home Care,62,1190,0,0,0,2.7
2025-07-04,SKU-440,Home Care,56,1134,0,0,0,2.7
2025-07-05,SKU-440,Home Care,62,1072,0,0,0,2.7
2025-07-06,SKU-440,Home Care,46,1026,0,0,0,2.7
2025-07-07,SKU-440,Home Care,37,989,0,0,0,2.7
2025-07-08,SKU-440,Home Care,44,945,0,0,0,2.7
2025-07-09,SKU-440,Home Care,47,898,0,0,0,2.7
2025-07-10,SKU-440,Home Care,55,843,0,0,0,2.7
2025-07-11,SKU-440,Home Care,60,783,0,0,0,2.7
2025-07-12,SKU-440,Home Care,55,728,0,0,0,2.7
2025-07-13,SKU-440,Home Care,42,686,0,0,0,2.7
2025-07-14,SKU-440,Home Care,42,644,0,0,0,2.7
2025-07-15,SKU-440,Home Care,44,600,0,0,0,2.7
2025-07-16,SKU-440,Home Care,51,549,0,0,0,2.7
2025-07-17,SKU-440,Home Care,53,496,0,0,0,2.7
2025-07-18,SKU-440,Home Care,56,440,0,0,0,2.7
2025-07-19,SKU-440,Home Care,39,401,0,0,0,2.7
2025-07-20,SKU-440,Home Care,37,364,0,0,0,2.7
2025-07-21,SKU-440,Home Care,30,334,0,0,0,2.7
2025-07-22,SKU-440,Home Care,36,1306,1008,0,0,2.7
2025-07-23,SKU-440,Home Care,39,1267,0,0,0,2.7
2025-07-24,SKU-440,Home Care,47,1220,0,0,0,2.7
2025-07-25,SKU-440,Home Care,76,1144,0,1,0,2.7
2025-07-26,SKU-440,Home Care,64,1080,0,1,0,2.7
2025-07-27,SKU-440,Home Care,60,1020,0,1,0,2.7
2025-07-28,SKU-440,Home Care,54,966,0,1,0,2.7
2025-07-29,SKU-440,Home Care,39,927,0,0,0,2.7
2025-07-30,SKU-440,Home Care,46,881,0,0,0,2.7
2025-07-31,SKU-440,Home Care,56,825,0,0,0,2.7
2025-08-01,SKU-440,Home Care,61,764,0,0,0,2.7
2025-08-02,SKU-440,Home Care,59,705,0,0,0,2.7
2025-08-03,SKU-440,Home Care,47,658,0,0,0,2.7
2025-08-04,SKU-440,Home Care,43,615,0,0,0,2.7
2025-08-05,SKU-440,Home Care,39,576,0,0,0,2.7
2025-08-06,SKU-440,Home Care,50,526,0,0,0,2.7
2025-08-07,SKU-440,Home Care,62,464,0,0,0,2.7
2025-08-08,SKU-440,Home Care,63,401,0,0,0,2.7
2025-08-09,SKU-440,Home Care,55,346,0,0,0,2.7
2025-08-10,SKU-440,Home Care,49,297,0,0,0,2.7
2025-08-11,SKU-440,Home Care,42,1263,1008,0,0,2.7
2025-08-12,SKU-440,Home Care,45,1218,0,0,0,2.7
2025-08-13,SKU-440,Home Care,48,1170,0,0,0,2.7
2025-08-14,SKU-440,Home Care,63,1107,0,0,1,2.7
2025-08-15,SKU-440,Home Care,66,1041,0,0,1,2.7
2025-08-16,SKU-440,Home Care,48,993,0,0,1,2.7
2025-08-17,SKU-440,Home Care,41,952,0,0,0,2.7
2025-08-18,SKU-440,Home Care,20,932,0,0,0,2.7
2025-08-19,SKU-440,Home Care,29,903,0,0,0,2.7
2025-08-20,SKU-440,Home Care,43,860,0,0,0,2.7
2025-08-21,SKU-440,Home Care,49,811,0,0,0,2.7
2025-08-22,SKU-440,Home Care,44,767,0,0,0,2.7
2025-08-23,SKU-440,Home Care,42,725,0,0,0,2.7
2025-08-24,SKU-440,Home Care,43,682,0,0,0,2.7
2025-08-25,SKU-440,Home Care,32,650,0,0,0,2.7
2025-08-26,SKU-440,Home Care,45,605,0,0,0,2.7
2025-08-27,SKU-440,Home Care,44,561,0,0,0,2.7
2025-08-28,SKU-440,Home Care,53,508,0,0,0,2.7
2025-01-01,SKU-555,Packaged Food,152,1948,0,1,0,2.1
2025-01-02,SKU-555,Packaged Food,157,1791,0,1,0,2.1
2025-01-03,SKU-555,Packaged Food,154,1637,0,1,0,2.1
2025-01-04,SKU-555,Packaged Food,153,1484,0,1,0,2.1
2025-01-05,SKU-555,Packaged Food,94,1390,0,0,0,2.1
2025-01-06,SKU-555,Packaged Food,75,1315,0,0,0,2.1
2025-01-07,SKU-555,Packaged Food,88,1227,0,0,0,2.1
2025-01-08,SKU-555,Packaged Food,99,1128,0,0,0,2.1
2025-01-09,SKU-555,Packaged Food,127,1001,0,0,0,2.1
2025-01-10,SKU-555,Packaged Food,123,878,0,0,0,2.1
2025-01-11,SKU-555,Packaged Food,110,768,0,0,0,2.1
2025-01-12,SKU-555,Packaged Food,94,674,0,0,0,2.1
2025-01-13,SKU-555,Packaged Food,85,589,0,0,0,2.1
2025-01-14,SKU-555,Packaged Food,90,2494,1995,0,0,2.1
2025-01-15,SKU-555,Packaged Food,90,2404,0,0,0,2.1
2025-01-16,SKU-555,Packaged Food,101,2303,0,0,0,2.1
2025-01-17,SKU-555,Packaged Food,119,2184,0,0,0,2.1
2025-01-18,SKU-555,Packaged Food,96,2088,0,0,0,2.1
2025-01-19,SKU-555,Packaged Food,73,2015,0,0,0,2.1
2025-01-20,SKU-555,Packaged Food,77,1938,0,0,0,2.1
2025-01-21,SKU-555,Packaged Food,79,1859,0,0,0,2.1
2025-01-22,SKU-555,Packaged Food,75,1784,0,0,0,2.1
2025-01-23,SKU-555,Packaged Food,100,1684,0,0,0,2.1
2025-01-24,SKU-555,Packaged Food,107,1577,0,0,0,2.1
2025-01-25,SKU-555,Packaged Food,97,1480,0,0,0,2.1
2025-01-26,SKU-555,Packaged Food,86,1394,0,0,0,2.1
2025-01-27,SKU-555,Packaged Food,63,1331,0,0,0,2.1
2025-01-28,SKU-555,Packaged Food,81,1250,0,0,0,2.1
2025-01-29,SKU-555,Packaged Food,90,1160,0,0,0,2.1
2025-01-30,SKU-555,Packaged Food,104,1056,0,0,0,2.1
2025-01-31,SKU-555,Packaged Food,120,936,0,0,0,2.1
2025-02-01,SKU-555,Packaged Food,117,819,0,0,0,2.1
2025-02-02,SKU-555,Packaged Food,106,713,0,0,0,2.1
2025-02-03,SKU-555,Packaged Food,95,618,0,0,0,2.1
2025-02-04,SKU-555,Packaged Food,89,2524,1995,0,0,2.1
2025-02-05,SKU-555,Packaged Food,108,2416,0,0,0,2.1
2025-02-06,SKU-555,Packaged Food,126,2290,0,0,0,2.1
2025-02-07,SKU-555,Packaged Food,126,2164,0,0,0,2.1
2025-02-08,SKU-555,Packaged Food,115,2049,0,0,0,2.1
2025-02-09,SKU-555,Packaged Food,104,1945,0,0,0,2.1
2025-02-10,SKU-555,Packaged Food,87,1858,0,0,0,2.1
2025-02-11,SKU-555,Packaged Food,129,1729,0,1,0,2.1
2025-02-12,SKU-555,Packaged Food,145,1584,0,1,0,2.1
2025-02-13,SKU-555,Packaged Food,165,1419,0,1,0,2.1
2025-02-14,SKU-555,Packaged Food,161,1258,0,1,0,2.1
2025-02-15,SKU-555,Packaged Food,107,1151,0,0,0,2.1
2025-02-16,SKU-555,Packaged Food,93,1058,0,0,0,2.1
2025-02-17,SKU-555,Packaged Food,75,983,0,0,0,2.1
2025-02-18,SKU-555,Packaged Food,85,898,0,0,0,2.1
2025-02-19,SKU-555,Packaged Food,93,805,0,0,0,2.1
2025-02-20,SKU-555,Packaged Food,92,713,0,0,0,2.1
2025-02-21,SKU-555,Packaged Food,115,598,0,0,0,2.1
2025-02-22,SKU-555,Packaged Food,91,2502,1995,0,0,2.1
2025-02-23,SKU-555,Packaged Food,69,2433,0,0,0,2.1
2025-02-24,SKU-555,Packaged Food,66,2367,0,0,0,2.1
2025-02-25,SKU-555,Packaged Food,70,2297,0,0,0,2.1
2025-02-26,SKU-555,Packaged Food,91,2206,0,0,0,2.1
2025-02-27,SKU-555,Packaged Food,103,2103,0,0,0,2.1
2025-02-28,SKU-555,Packaged Food,107,1996,0,0,0,2.1
2025-03-01,SKU-555,Packaged Food,108,1888,0,0,0,2.1
2025-03-02,SKU-555,Packaged Food,93,1795,0,0,0,2.1
2025-03-03,SKU-555,Packaged Food,85,1710,0,0,0,2.1
2025-03-04,SKU-555,Packaged Food,91,1619,0,0,0,2.1
2025-03-05,SKU-555,Packaged Food,108,1511,0,0,0,2.1
2025-03-06,SKU-555,Packaged Food,104,1407,0,0,0,2.1
2025-03-07,SKU-555,Packaged Food,122,1285,0,0,0,2.1
2025-03-08,SKU-555,Packaged Food,99,1186,0,0,0,2.1
2025-03-09,SKU-555,Packaged Food,100,1086,0,0,0,2.1
2025-03-10,SKU-555,Packaged Food,89,997,0,0,0,2.1
2025-03-11,SKU-555,Packaged Food,101,896,0,0,0,2.1
2025-03-12,SKU-555,Packaged Food,116,780,0,0,0,2.1
2025-03-13,SKU-555,Packaged Food,122,658,0,0,0,2.1
2025-03-14,SKU-555,Packaged Food,118,2535,1995,0,0,2.1
2025-03-15,SKU-555,Packaged Food,114,2421,0,0,0,2.1
2025-03-16,SKU-555,Packaged Food,89,2332,0,0,0,2.1
2025-03-17,SKU-555,Packaged Food,82,2250,0,0,0,2.1
2025-03-18,SKU-555,Packaged Food,91,2159,0,0,0,2.1
2025-03-19,SKU-555,Packaged Food,91,2068,0,0,0,2.1
2025-03-20,SKU-555,Packaged Food,112,1956,0,0,0,2.1
2025-03-21,SKU-555,Packaged Food,112,1844,0,0,0,2.1
2025-03-22,SKU-555,Packaged Food,90,1754,0,0,0,2.1
2025-03-23,SKU-555,Packaged Food,91,1663,0,0,0,2.1
2025-03-24,SKU-555,Packaged Food,125,1538,0,1,0,2.1
2025-03-25,SKU-555,Packaged Food,123,1415,0,1,0,2.1
2025-03-26,SKU-555,Packaged Food,129,1286,0,1,0,2.1
2025-03-27,SKU-555,Packaged Food,142,1144,0,1,0,2.1
2025-03-28,SKU-555,Packaged Food,104,1040,0,0,0,2.1
2025-03-29,SKU-555,Packaged Food,105,935,0,0,0,2.1
2025-03-30,SKU-555,Packaged Food,81,854,0,0,0,2.1
2025-03-31,SKU-555,Packaged Food,84,770,0,0,0,2.1
2025-04-01,SKU-555,Packaged Food,77,693,0,0,0,2.1
2025-04-02,SKU-555,Packaged Food,100,593,0,0,0,2.1
2025-04-03,SKU-555,Packaged Food,118,2470,1995,0,0,2.1
2025-04-04,SKU-555,Packaged Food,141,2329,0,0,0,2.1
2025-04-05,SKU-555,Packaged Food,104,2225,0,0,0,2.1
2025-04-06,SKU-555,Packaged Food,111,2114,0,0,0,2.1
2025-04-07,SKU-555,Packaged Food,92,2022,0,0,0,2.1
2025-04-08,SKU-555,Packaged Food,98,1924,0,0,0,2.1
2025-04-09,SKU-555,Packaged Food,110,1814,0,0,0,2.1
2025-04-10,SKU-555,Packaged Food,127,1687,0,0,0,2.1
2025-04-11,SKU-555,Packaged Food,125,1562,0,0,0,2.1
2025-04-12,SKU-555,Packaged Food,126,1436,0,0,0,2.1
2025-04-13,SKU-555,Packaged Food,94,1342,0,0,0,2.1
2025-04-14,SKU-555,Packaged Food,95,1247,0,0,0,2.1
2025-04-15,SKU-555,Packaged Food,84,1163,0,0,0,2.1
2025-04-16,SKU-555,Packaged Food,100,1063,0,0,0,2.1
2025-04-17,SKU-555,Packaged Food,103,960,0,0,0,2.1
2025-04-18,SKU-555,Packaged Food,116,844,0,0,0,2.1
2025-04-19,SKU-555,Packaged Food,113,731,0,0,0,2.1
2025-04-20,SKU-555,Packaged Food,86,645,0,0,0,2.1
2025-04-21,SKU-555,Packaged Food,76,2564,1995,0,0,2.1
2025-04-22,SKU-555,Packaged Food,71,2493,0,0,0,2.1
2025-04-23,SKU-555,Packaged Food,89,2404,0,0,0,2.1
2025-04-24,SKU-555,Packaged Food,91,2313,0,0,0,2.1
2025-04-25,SKU-555,Packaged Food,100,2213,0,0,0,2.1
2025-04-26,SKU-555,Packaged Food,101,2112,0,0,0,2.1
2025-04-27,SKU-555,Packaged Food,97,2015,0,0,0,2.1
2025-04-28,SKU-555,Packaged Food,101,1914,0,0,0,2.1
2025-04-29,SKU-555,Packaged Food,80,1834,0,0,0,2.1
2025-04-30,SKU-555,Packaged Food,110,1724,0,0,0,2.1
2025-05-01,SKU-555,Packaged Food,116,1608,0,0,0,2.1
2025-05-02,SKU-555,Packaged Food,119,1489,0,0,0,2.1
2025-05-03,SKU-555,Packaged Food,116,1373,0,0,0,2.1
2025-05-04,SKU-555,Packaged Food,144,1229,0,1,0,2.1
2025-05-05,SKU-555,Packaged Food,136,1093,0,1,0,2.1
2025-05-06,SKU-555,Packaged Food,137,956,0,1,0,2.1
2025-05-07,SKU-555,Packaged Food,145,811,0,1,0,2.1
2025-05-08,SKU-555,Packaged Food,114,697,0,0,0,2.1
2025-05-09,SKU-555,Packaged Food,134,563,0,0,0,2.1
2025-05-10,SKU-555,Packaged Food,117,2441,1995,0,0,2.1
2025-05-11,SKU-555,Packaged Food,97,2344,0,0,0,2.1
2025-05-12,SKU-555,Packaged Food,91,2253,0,0,0,2.1
2025-05-13,SKU-555,Packaged Food,99,2154,0,0,0,2.1
2025-05-14,SKU-555,Packaged Food,107,2047,0,0,0,2.1
2025-05-15,SKU-555,Packaged Food,112,1935,0,0,0,2.1
2025-05-16,SKU-555,Packaged Food,128,1807,0,0,0,2.1
2025-05-17,SKU-555,Packaged Food,119,1688,0,0,0,2.1
2025-05-18,SKU-555,Packaged Food,95,1593,0,0,0,2.1
2025-05-19,SKU-555,Packaged Food,88,1505,0,0,0,2.1
2025-05-20,SKU-555,Packaged Food,92,1413,0,0,0,2.1
2025-05-21,SKU-555,Packaged Food,102,1311,0,0,0,2.1
2025-05-22,SKU-555,Packaged Food,110,1201,0,0,0,2.1
2025-05-23,SKU-555,Packaged Food,112,1089,0,0,0,2.1
2025-05-24,SKU-555,Packaged Food,103,986,0,0,0,2.1
2025-05-25,SKU-555,Packaged Food,78,908,0,0,0,2.1
2025-05-26,SKU-555,Packaged Food,84,824,0,0,0,2.1
2025-05-27,SKU-555,Packaged Food,73,751,0,0,0,2.1
2025-05-28,SKU-555,Packaged Food,91,660,0,0,0,2.1
2025-05-29,SKU-555,Packaged Food,121,2534,1995,0,0,2.1
2025-05-30,SKU-555,Packaged Food,123,2411,0,0,0,2.1
2025-05-31,SKU-555,Packaged Food,121,2290,0,0,0,2.1
2025-06-01,SKU-555,Packaged Food,95,2195,0,0,0,2.1
2025-06-02,SKU-555,Packaged Food,80,2115,0,0,0,2.1
2025-06-03,SKU-555,Packaged Food,92,2023,0,0,0,2.1
2025-06-04,SKU-555,Packaged Food,111,1912,0,0,0,2.1
2025-06-05,SKU-555,Packaged Food,126,1786,0,0,0,2.1
2025-06-06,SKU-555,Packaged Food,139,1647,0,0,0,2.1
2025-06-07,SKU-555,Packaged Food,118,1529,0,0,0,2.1
2025-06-08,SKU-555,Packaged Food,107,1422,0,0,0,2.1
2025-06-09,SKU-555,Packaged Food,86,1336,0,0,0,2.1
2025-06-10,SKU-555,Packaged Food,100,1236,0,0,0,2.1
2025-06-11,SKU-555,Packaged Food,110,1126,0,0,0,2.1
2025-06-12,SKU-555,Packaged Food,117,1009,0,0,0,2.1
2025-06-13,SKU-555,Packaged Food,123,886,0,0,0,2.1
2025-06-14,SKU-555,Packaged Food,156,730,0,1,0,2.1
2025-06-15,SKU-555,Packaged Food,139,591,0,1,0,2.1
2025-06-16,SKU-555,Packaged Food,143,2443,1995,1,0,2.1
2025-06-17,SKU-555,Packaged Food,131,2312,0,1,0,2.1
2025-06-18,SKU-555,Packaged Food,96,2216,0,0,0,2.1
2025-06-19,SKU-555,Packaged Food,93,2123,0,0,0,2.1
2025-06-20,SKU-555,Packaged Food,104,2019,0,0,0,2.1
2025-06-21,SKU-555,Packaged Food,99,1920,0,0,0,2.1
2025-06-22,SKU-555,Packaged Food,82,1838,0,0,0,2.1
2025-06-23,SKU-555,Packaged Food,90,1748,0,0,0,2.1
2025-06-24,SKU-555,Packaged Food,81,1667,0,0,0,2.1
2025-06-25,SKU-555,Packaged Food,105,1562,0,0,0,2.1
2025-06-26,SKU-555,Packaged Food,110,1452,0,0,0,2.1
2025-06-27,SKU-555,Packaged Food,114,1338,0,0,0,2.1
2025-06-28,SKU-555,Packaged Food,106,1232,0,0,0,2.1
2025-06-29,SKU-555,Packaged Food,95,1137,0,0,0,2.1
2025-06-30,SKU-555,Packaged Food,100,1037,0,0,0,2.1
2025-07-01,SKU-555,Packaged Food,75,962,0,0,0,2.1
2025-07-02,SKU-555,Packaged Food,93,869,0,0,0,2.1
2025-07-03,SKU-555,Packaged Food,120,749,0,0,0,2.1
2025-07-04,SKU-555,Packaged Food,129,620,0,0,0,2.1
2025-07-05,SKU-555,Packaged Food,126,2489,1995,0,0,2.1
2025-07-06,SKU-555,Packaged Food,109,2380,0,0,0,2.1
2025-07-07,SKU-555,Packaged Food,93,2287,0,0,0,2.1
2025-07-08,SKU-555,Packaged Food,107,2180,0,0,0,2.1
2025-07-09,SKU-555,Packaged Food,121,2059,0,0,0,2.1
2025-07-10,SKU-555,Packaged Food,129,1930,0,0,0,2.1
2025-07-11,SKU-555,Packaged Food,137,1793,0,0,0,2.1
2025-07-12,SKU-555,Packaged Food,120,1673,0,0,0,2.1
2025-07-13,SKU-555,Packaged Food,97,1576,0,0,0,2.1
2025-07-14,SKU-555,Packaged Food,95,1481,0,0,0,2.1
2025-07-15,SKU-555,Packaged Food,92,1389,0,0,0,2.1
2025-07-16,SKU-555,Packaged Food,103,1286,0,0,0,2.1
2025-07-17,SKU-555,Packaged Food,125,1161,0,0,0,2.1
2025-07-18,SKU-555,Packaged Food,96,1065,0,0,0,2.1
2025-07-19,SKU-555,Packaged Food,94,971,0,0,0,2.1
2025-07-20,SKU-555,Packaged Food,81,890,0,0,0,2.1
2025-07-21,SKU-555,Packaged Food,78,812,0,0,0,2.1
2025-07-22,SKU-555,Packaged Food,82,730,0,0,0,2.1
2025-07-23,SKU-555,Packaged Food,84,646,0,0,0,2.1
2025-07-24,SKU-555,Packaged Food,101,2540,1995,0,0,2.1
2025-07-25,SKU-555,Packaged Food,151,2389,0,1,0,2.1
2025-07-26,SKU-555,Packaged Food,169,2220,0,1,0,2.1
2025-07-27,SKU-555,Packaged Food,151,2069,0,1,0,2.1
2025-07-28,SKU-555,Packaged Food,127,1942,0,1,0,2.1
2025-07-29,SKU-555,Packaged Food,88,1854,0,0,0,2.1
2025-07-30,SKU-555,Packaged Food,97,1757,0,0,0,2.1
2025-07-31,SKU-555,Packaged Food,107,1650,0,0,0,2.1
2025-08-01,SKU-555,Packaged Food,126,1524,0,0,0,2.1
2025-08-02,SKU-555,Packaged Food,112,1412,0,0,0,2.1
2025-08-03,SKU-555,Packaged Food,104,1308,0,0,0,2.1
2025-08-04,SKU-555,Packaged Food,84,1224,0,0,0,2.1
2025-08-05,SKU-555,Packaged Food,94,1130,0,0,0,2.1
2025-08-06,SKU-555,Packaged Food,116,1014,0,0,0,2.1
2025-08-07,SKU-555,Packaged Food,133,881,0,0,0,2.1
2025-08-08,SKU-555,Packaged Food,136,745,0,0,0,2.1
2025-08-09,SKU-555,Packaged Food,112,633,0,0,0,2.1
2025-08-10,SKU-555,Packaged Food,112,2516,1995,0,0,2.1
2025-08-11,SKU-555,Packaged Food,88,2428,0,0,0,2.1
2025-08-12,SKU-555,Packaged Food,101,2327,0,0,0,2.1
2025-08-13,SKU-555,Packaged Food,108,2219,0,0,0,2.1
2025-08-14,SKU-555,Packaged Food,133,2086,0,0,1,2.1
2025-08-15,SKU-555,Packaged Food,142,1944,0,0,1,2.1
2025-08-16,SKU-555,Packaged Food,136,1808,0,0,1,2.1
2025-08-17,SKU-555,Packaged Food,98,1710,0,0,0,2.1
2025-08-18,SKU-555,Packaged Food,83,1627,0,0,0,2.1
2025-08-19,SKU-555,Packaged Food,98,1529,0,0,0,2.1
2025-08-20,SKU-555,Packaged Food,105,1424,0,0,0,2.1
2025-08-21,SKU-555,Packaged Food,107,1317,0,0,0,2.1
2025-08-22,SKU-555,Packaged Food,118,1199,0,0,0,2.1
2025-08-23,SKU-555,Packaged Food,119,1080,0,0,0,2.1
2025-08-24,SKU-555,Packaged Food,107,973,0,0,0,2.1
2025-08-25,SKU-555,Packaged Food,75,898,0,0,0,2.1
2025-08-26,SKU-555,Packaged Food,82,816,0,0,0,2.1
2025-08-27,SKU-555,Packaged Food,114,702,0,0,0,2.1
2025-08-28,SKU-555,Packaged Food,110,592,0,0,0,2.1
